Titre,Genre,Année de sortie,Durée,Acteurs
The Flash,"Action, Adventure, Fantasy",2023,144 min,"Andy Muschietti, Ezra Miller, Michael Keaton, Sasha Calle, Michael Shannon"
Tyler Rake 2,"Action, Thriller",2023,122 min,"Sam Hargrave, Chris Hemsworth, Golshifteh Farahani, Adam Bessa, Tornike Gogrichiani"
Spider-Man: Across the Spider-Verse,"Animation, Action, Adventure",2023,140 min,"Joaquim Dos Santos, Kemp Powers, Justin K. Thompson, Shameik Moore, Hailee Steinfeld, Brian Tyree Henry, Luna Lauren Velez"
Tyler Rake,"Action, Thriller",2020,116 min,"Sam Hargrave, Chris Hemsworth, Bryon Lerum, Ryder Lerum, Rudhraksh Jaiswal"
Avatar: la voie de l'eau,"Action, Adventure, Fantasy",2022,192 min,"James Cameron, Sam Worthington, Zoe Saldana, Sigourney Weaver, Stephen Lang"
Transformers: Rise of the Beasts,"Action, Adventure, Sci-Fi",2023,127 min,"Steven Caple Jr., Anthony Ramos, Dominique Fishback, Luna Lauren Velez, Dean Scott Vazquez"
Indiana Jones et le cadran de la destinée,"Action, Adventure",2023,154 min,"James Mangold, Harrison Ford, Phoebe Waller-Bridge, Karen Allen, Mads Mikkelsen"
Kraven le Chasseur,"Action, Adventure, Sci-Fi",2023,,"J.C. Chandor, Aaron Taylor-Johnson, Russell Crowe, Ariana DeBose, Alessandro Nivola"
John Wick: Chapitre 4,"Action, Crime, Thriller",2023,169 min,"Chad Stahelski, Keanu Reeves, Laurence Fishburne, George Georgiou, Lance Reddick"
Fast & Furious X,"Action, Adventure, Crime",2023,141 min,"Louis Leterrier, Vin Diesel, Michelle Rodriguez, Jason Statham, Jordana Brewster"
The Covenant,"Action, Thriller, War",2023,123 min,"Guy Ritchie, Jake Gyllenhaal, Dar Salim, Sean Sagar, Jason Wong"
Adipurush,"Action, Adventure, Drama",2023,179 min,"Om Raut, Kriti Sanon, Saif Ali Khan, Prabhas, Devdutta Nage"
Spider-Man: New Generation,"Animation, Action, Adventure",2018,117 min,"Bob Persichetti, Peter Ramsey, Rodney Rothman, Shameik Moore, Jake Johnson, Hailee Steinfeld, Mahershala Ali"
Kandahar,"Action, Thriller",2023,119 min,"Ric Roman Waugh, Tom Rhys Harries, Farhad Bagheri, Gerard Butler, Mitchell LaFortune"
Les Gardiens de la Galaxie 3,"Action, Adventure, Comedy",2023,150 min,"James Gunn, Chris Pratt, Chukwudi Iwuji, Bradley Cooper, Pom Klementieff"
Heart of Stone,"Action, Crime, Thriller",2023,122 min,"Tom Harper, Gal Gadot, Jamie Dornan, Alia Bhatt, Matthias Schweighöfer"
Donjons & Dragons: L'honneur des voleurs,"Action, Adventure, Comedy",2023,134 min,"John Francis Daley, Jonathan Goldstein, Chris Pine, Michelle Rodriguez, Regé-Jean Page, Justice Smith"
Mission: Impossible: Dead Reckoning Partie 1,"Action, Adventure, Thriller",2023,163 min,"Christopher McQuarrie, Rebecca Ferguson, Tom Cruise, Hayley Atwell, Pom Klementieff"
The Machine,"Action, Comedy",I) (2023,112 min,"Peter Atencio, Bert Kreischer, Mark Hamill, Jimmy Tatro, Iva Babic"
The Wrath of Becky,"Action, Horror, Thriller",2023,84 min,"Matt Angel, Suzanne Coote, Lulu Wilson, Seann William Scott, Denise Burse, Jill Larson"
Ant-Man et la Guêpe: Quantumania,"Action, Adventure, Comedy",2023,124 min,"Peyton Reed, Paul Rudd, Evangeline Lilly, Michael Douglas, Michelle Pfeiffer"
Les Aventuriers de l'arche perdue,"Action, Adventure",1981,115 min,"Steven Spielberg, Harrison Ford, Karen Allen, Paul Freeman, John Rhys-Davies"
Sisu: De l'or et du sang,"Action, War",2022,91 min,"Jalmari Helander, Jorma Tommila, Aksel Hennie, Jack Doolan, Mimosa Willamo"
Rebel Moon,"Action, Adventure, Drama",2023,,"Zack Snyder, Sofia Boutella, Charlie Hunnam, Cary Elwes, Anthony Hopkins"
Shazam! La Rage des dieux,"Action, Adventure, Comedy",2023,130 min,"David F. Sandberg, Zachary Levi, Asher Angel, Jack Dylan Grazer, Rachel Zegler"
Black Clover: L'épée de l'empereur-mage,"Animation, Action, Adventure",2023,110 min,"Ayataka Tanemura, Bryn Apprill, Tia Lynn Ballard, Steve Blum, Johnny Yong Bosch"
Top Gun: Maverick,"Action, Drama",2022,130 min,"Joseph Kosinski, Tom Cruise, Jennifer Connelly, Miles Teller, Val Kilmer"
Avatar,"Action, Adventure, Fantasy",2009,162 min,"James Cameron, Sam Worthington, Zoe Saldana, Sigourney Weaver, Michelle Rodriguez"
Dune,"Action, Adventure, Drama",2021,155 min,"Denis Villeneuve, Timothée Chalamet, Rebecca Ferguson, Zendaya, Oscar Isaac"
The Batman,"Action, Crime, Drama",2022,176 min,"Matt Reeves, Robert Pattinson, Zoë Kravitz, Jeffrey Wright, Colin Farrell"
Indiana Jones et la dernière croisade,"Action, Adventure",1989,127 min,"Steven Spielberg, Harrison Ford, Sean Connery, Alison Doody, Denholm Elliott"
Spider-Man: No Way Home,"Action, Adventure, Fantasy",2021,148 min,"Jon Watts, Tom Holland, Zendaya, Benedict Cumberbatch, Jacob Batalon"
Everything Everywhere All at Once,"Action, Adventure, Comedy",2022,139 min,"Daniel Kwan, Daniel Scheinert, Michelle Yeoh, Stephanie Hsu, Jamie Lee Curtis, Ke Huy Quan"
Ruby l'ado Kraken,"Animation, Action, Adventure",2023,90 min,"Kirk DeMicco, Faryn Pearl, Jane Fonda, Lana Condor, Toni Collette, Colman Domingo"
The Dark Knight : Le Chevalier noir,"Action, Crime, Drama",2008,152 min,"Christopher Nolan, Christian Bale, Heath Ledger, Aaron Eckhart, Michael Caine"
Sound of Freedom,"Action, Biography, Drama",2022,135 min,"Alejandro Monteverde, Jim Caviezel, Mira Sorvino, Kurt Fuller, Bill Camp"
Hypnotic,"Action, Mystery, Thriller",2023,93 min,"Robert Rodriguez, Ben Affleck, Alice Braga, JD Pardo, Dayo Okeniyi"
Expendables 4,"Action, Adventure, Thriller",2023,,"Scott Waugh, Jason Statham, 50 Cent, Megan Fox, Dolph Lundgren"
Indiana Jones et le Temple maudit,"Action, Adventure",1984,118 min,"Steven Spielberg, Harrison Ford, Kate Capshaw, Ke Huy Quan, Amrish Puri"
Dune: Deuxième partie,"Action, Adventure, Drama",2023,,"Denis Villeneuve, Timothée Chalamet, Zendaya, Rebecca Ferguson, Josh Brolin"
Bullet Train,"Action, Comedy, Thriller",2022,127 min,"David Leitch, Brad Pitt, Joey King, Aaron Taylor-Johnson, Brian Tyree Henry"
65 : La Terre d'avant,"Action, Adventure, Drama",2023,93 min,"Scott Beck, Bryan Woods, Adam Driver, Ariana Greenblatt, Chloe Coleman, Nika King"
John Wick,"Action, Crime, Thriller",2014,101 min,"Chad Stahelski, David Leitch, Keanu Reeves, Michael Nyqvist, Alfie Allen, Willem Dafoe"
Inception,"Action, Adventure, Sci-Fi",2010,148 min,"Christopher Nolan, Leonardo DiCaprio, Joseph Gordon-Levitt, Elliot Page, Ken Watanabe"
Batman,"Action, Adventure",1989,126 min,"Tim Burton, Michael Keaton, Jack Nicholson, Kim Basinger, Robert Wuhl"
Ghosted,"Action, Adventure, Comedy",I) (2023,116 min,"Dexter Fletcher, Chris Evans, Ana de Armas, Adrien Brody, Mike Moh"
Drive-Away Dolls,"Action, Comedy, Thriller",2023,,"Ethan Coen, Pedro Pascal, Margaret Qualley, Annie Gonzalez, Geraldine Viswanathan"
Spider-Man: Beyond the Spider-Verse,"Animation, Action, Adventure",2024,,"Joaquim Dos Santos, Kemp Powers, Justin K. Thompson, Shameik Moore, Hailee Steinfeld, Jason Schwartzman, Oscar Isaac"
Jurassic Park,"Action, Adventure, Sci-Fi",1993,127 min,"Steven Spielberg, Sam Neill, Laura Dern, Jeff Goldblum, Richard Attenborough"
Misanthrope,"Action, Crime, Drama",2023,119 min,"Damián Szifron, Shailene Woodley, Ben Mendelsohn, Jovan Adepo, Ralph Ineson"
Misanthrope,"Action, Crime, Drama",2023,119 min,"Damián Szifron, Shailene Woodley, Ben Mendelsohn, Jovan Adepo, Ralph Ineson"
Indiana Jones et le royaume du crâne de cristal,"Action, Adventure",2008,122 min,"Steven Spielberg, Harrison Ford, Cate Blanchett, Shia LaBeouf, Karen Allen"
Transformers,"Action, Adventure, Sci-Fi",2007,144 min,"Michael Bay, Shia LaBeouf, Megan Fox, Josh Duhamel, Tyrese Gibson"
Un talent en or massif,"Action, Comedy, Crime",2022,107 min,"Tom Gormican, Nicolas Cage, Pedro Pascal, Tiffany Haddish, Sharon Horgan"
Bloody Daddy,"Action, Drama, Thriller",2023,121 min,"Ali Abbas Zafar, Amy Aela, Shahid Kapoor, Diana Penty, Suparna Moitra"
Opération Fortune: Ruse de Guerre,"Action, Comedy, Thriller",2023,114 min,"Guy Ritchie, Jason Statham, Aubrey Plaza, Cary Elwes, Hugh Grant"
Avengers: Endgame,"Action, Adventure, Drama",2019,181 min,"Anthony Russo, Joe Russo, Robert Downey Jr., Chris Evans, Mark Ruffalo, Chris Hemsworth"
Heat,"Action, Crime, Drama",1995,170 min,"Michael Mann, Al Pacino, Robert De Niro, Val Kilmer, Jon Voight"
Zack Snyder's Justice League,"Action, Adventure, Fantasy",2021,242 min,"Zack Snyder, Henry Cavill, Ben Affleck, Gal Gadot, Amy Adams"
Becky,"Action, Crime, Drama",II) (2020,93 min,"Jonathan Milott, Cary Murnion, Lulu Wilson, Kevin James, Joel McHale, Robert Maillet"
Terminator 2 : Le jugement dernier,"Action, Sci-Fi",1991,137 min,"James Cameron, Arnold Schwarzenegger, Linda Hamilton, Edward Furlong, Robert Patrick"
The Mother,"Action, Thriller",2023,115 min,"Niki Caro, Jennifer Lopez, Lucy Paez, Omari Hardwick, Joseph Fiennes"
Terminator,"Action, Sci-Fi",1984,107 min,"James Cameron, Arnold Schwarzenegger, Linda Hamilton, Michael Biehn, Paul Winfield"
Les Gardiens de la Galaxie,"Action, Adventure, Comedy",2014,121 min,"James Gunn, Chris Pratt, Vin Diesel, Bradley Cooper, Zoe Saldana"
Thor: Love and Thunder,"Action, Adventure, Comedy",2022,118 min,"Taika Waititi, Chris Hemsworth, Natalie Portman, Christian Bale, Tessa Thompson"
God Is a Bullet,"Action, Crime, Horror",2023,156 min,"Nick Cassavetes, Maika Monroe, Nikolaj Coster-Waldau, Jamie Foxx, Ethan Suplee"
Blade Runner 2049,"Action, Drama, Mystery",2017,164 min,"Denis Villeneuve, Harrison Ford, Ryan Gosling, Ana de Armas, Dave Bautista"
Le Seigneur des anneaux : La Communauté de l'anneau,"Action, Adventure, Drama",2001,178 min,"Peter Jackson, Elijah Wood, Ian McKellen, Orlando Bloom, Sean Bean"
Top Gun,"Action, Drama",1986,109 min,"Tony Scott, Tom Cruise, Tim Robbins, Kelly McGillis, Val Kilmer"
Hunger Games,"Action, Adventure, Sci-Fi",2012,142 min,"Gary Ross, Jennifer Lawrence, Josh Hutcherson, Liam Hemsworth, Stanley Tucci"
Transformers: The Last Knight,"Action, Adventure, Sci-Fi",2017,154 min,"Michael Bay, Mark Wahlberg, Anthony Hopkins, Josh Duhamel, Laura Haddock"
The Suicide Squad,"Action, Adventure, Comedy",2021,132 min,"James Gunn, Margot Robbie, Idris Elba, John Cena, Joel Kinnaman"
Blood & Gold,"Action, Drama, War",2023,98 min,"Peter Thorwarth, Robert Maaser, Marie Hacke, Alexander Scheer, Jördis Triebel"
Spider-Man,"Action, Adventure, Sci-Fi",2002,121 min,"Sam Raimi, Tobey Maguire, Kirsten Dunst, Willem Dafoe, James Franco"
Ninja Turtles: Teenage Years,"Animation, Action, Adventure",2023,,"Jeff Rowe, Kyler Spears, Ayo Edebiri, Rose Byrne, Seth Rogen, Jackie Chan"
Fast & Furious 9,"Action, Crime, Thriller",2021,143 min,"Justin Lin, Vin Diesel, Michelle Rodriguez, Jordana Brewster, Tyrese Gibson"
Man of Steel,"Action, Adventure, Sci-Fi",2013,143 min,"Zack Snyder, Henry Cavill, Amy Adams, Michael Shannon, Diane Lane"
Batman & Robin,"Action, Sci-Fi",1997,125 min,"Joel Schumacher, Arnold Schwarzenegger, George Clooney, Chris O'Donnell, Uma Thurman"
Aquaman et le Royaume perdu,"Action, Adventure, Fantasy",2023,,"James Wan, Jason Momoa, Ben Affleck, Patrick Wilson, Yahya Abdul-Mateen II"
Invincible,"Action, Biography, Drama",I) (2014,137 min,"Angelina Jolie, Jack O'Connell, Miyavi, Domhnall Gleeson, Garrett Hedlund"
Black Panther: Wakanda Forever,"Action, Adventure, Drama",2022,161 min,"Ryan Coogler, Letitia Wright, Lupita Nyong'o, Danai Gurira, Winston Duke"
Captain Marvel,"Action, Adventure, Sci-Fi",2019,123 min,"Anna Boden, Ryan Fleck, Brie Larson, Samuel L. Jackson, Ben Mendelsohn, Jude Law"
Gladiator,"Action, Adventure, Drama",2000,155 min,"Ridley Scott, Russell Crowe, Joaquin Phoenix, Connie Nielsen, Oliver Reed"
Spider-Man: Homecoming,"Action, Adventure, Sci-Fi",2017,133 min,"Jon Watts, Tom Holland, Michael Keaton, Robert Downey Jr., Marisa Tomei"
Matrix,"Action, Sci-Fi",1999,136 min,"Lana Wachowski, Lilly Wachowski, Keanu Reeves, Laurence Fishburne, Carrie-Anne Moss, Hugo Weaving"
Sirf Ek Bandaa Kaafi Hai,"Action, Drama",2023,132 min,"Apoorv Singh Karki, Manoj Bajpayee, Surya Mohan Kulshreshtha, Jai Hind Kumar, Nikhil Pandey"
True Lies - Le caméléon,"Action, Comedy, Thriller",1994,141 min,"James Cameron, Arnold Schwarzenegger, Jamie Lee Curtis, Tom Arnold, Bill Paxton"
Fast and Furious,"Action, Crime, Thriller",2001,106 min,"Rob Cohen, Vin Diesel, Paul Walker, Michelle Rodriguez, Jordana Brewster"
Blue Beetle,"Action, Adventure, Sci-Fi",2023,,"Angel Manuel Soto, Susan Sarandon, Harvey Guillén, Xolo Maridueña, Becky G"
Black Adam,"Action, Adventure, Fantasy",2022,125 min,"Jaume Collet-Serra, Dwayne Johnson, Aldis Hodge, Pierce Brosnan, Noah Centineo"
John Wick Parabellum,"Action, Crime, Thriller",2019,130 min,"Chad Stahelski, Keanu Reeves, Halle Berry, Ian McShane, Laurence Fishburne"
47 Ronin,"Action, Drama, Fantasy",2013,128 min,"Carl Rinsch, Keanu Reeves, Hiroyuki Sanada, Ko Shibasaki, Tadanobu Asano"
Tenet,"Action, Sci-Fi, Thriller",2020,150 min,"Christopher Nolan, John David Washington, Robert Pattinson, Elizabeth Debicki, Juhan Ulfsak"
Ready Player One,"Action, Adventure, Sci-Fi",2018,140 min,"Steven Spielberg, Tye Sheridan, Olivia Cooke, Ben Mendelsohn, Lena Waithe"
Mission: Impossible - Fallout,"Action, Adventure, Thriller",2018,147 min,"Christopher McQuarrie, Tom Cruise, Henry Cavill, Ving Rhames, Simon Pegg"
Mission: Impossible,"Action, Adventure, Thriller",1996,110 min,"Brian De Palma, Tom Cruise, Jon Voight, Emmanuelle Béart, Henry Czerny"
The Hunger Games: The Ballad of Songbirds and Snakes,"Action, Adventure, Drama",2023,,"Francis Lawrence, Jason Schwartzman, Rachel Zegler, Hunter Schafer, Peter Dinklage"
Aliens : Le Retour,"Action, Adventure, Sci-Fi",1986,137 min,"James Cameron, Sigourney Weaver, Michael Biehn, Carrie Henn, Paul Reiser"
Mad Max: Fury Road,"Action, Adventure, Sci-Fi",2015,120 min,"George Miller, Tom Hardy, Charlize Theron, Nicholas Hoult, Zoë Kravitz"
The Gentlemen,"Action, Comedy, Crime",2019,113 min,"Guy Ritchie, Matthew McConaughey, Charlie Hunnam, Michelle Dockery, Jeremy Strong"
En eaux troubles,"Action, Horror, Sci-Fi",2018,113 min,"Jon Turteltaub, Jason Statham, Bingbing Li, Rainn Wilson, Cliff Curtis"
Pirates des Caraïbes : La malédiction du Black Pearl,"Action, Adventure, Fantasy",2003,143 min,"Gore Verbinski, Johnny Depp, Geoffrey Rush, Orlando Bloom, Keira Knightley"
John Wick 2,"Action, Crime, Thriller",2017,122 min,"Chad Stahelski, Keanu Reeves, Riccardo Scamarcio, Ian McShane, Ruby Rose"
Le dernier maître de l'air,"Action, Adventure, Family",2010,103 min,"M. Night Shyamalan, Noah Ringer, Nicola Peltz Beckham, Jackson Rathbone, Dev Patel"
Shang-Chi et la légende des dix anneaux,"Action, Adventure, Fantasy",2021,132 min,"Destin Daniel Cretton, Simu Liu, Awkwafina, Tony Leung Chiu-wai, Ben Kingsley"
Jurassic World: Le monde d'après,"Action, Adventure, Sci-Fi",2022,147 min,"Colin Trevorrow, Chris Pratt, Bryce Dallas Howard, Laura Dern, Sam Neill"
La Momie,"Action, Adventure, Fantasy",1999,124 min,"Stephen Sommers, Brendan Fraser, Rachel Weisz, John Hannah, Arnold Vosloo"
En eaux (très) troubles,"Action, Adventure, Horror",2023,,"Ben Wheatley, Jason Statham, Jing Wu, Sienna Guillory, Cliff Curtis"
Old Boy,"Action, Drama, Mystery",2003,120 min,"Park Chan-wook, Choi Min-sik, Yoo Ji-tae, Kang Hye-jeong, Kim Byeong-Ok"
Drive,"Action, Drama",I) (2011,100 min,"Nicolas Winding Refn, Ryan Gosling, Carey Mulligan, Bryan Cranston, Albert Brooks"
Justice League,"Action, Adventure, Fantasy",2017,120 min,"Zack Snyder, Ben Affleck, Gal Gadot, Jason Momoa, Ezra Miller"
Nimona,"Animation, Action, Adventure",2023,101 min,"Nick Bruno, Troy Quane, Riz Ahmed, Chloë Grace Moretz, Eugene Lee Yang, Frances Conroy"
Léon,"Action, Crime, Drama",1994,110 min,"Luc Besson, Jean Reno, Gary Oldman, Natalie Portman, Danny Aiello"
Transformers: L'âge de l'extinction,"Action, Adventure, Sci-Fi",2014,165 min,"Michael Bay, Mark Wahlberg, Nicola Peltz Beckham, Jack Reynor, Stanley Tucci"
Mayday,"Action, Adventure, Thriller",2023,107 min,"Jean-François Richet, Gerard Butler, Mike Colter, Tony Goldwyn, Yoson An"
Bumblebee,"Action, Adventure, Sci-Fi",I) (2018,114 min,"Travis Knight, Hailee Steinfeld, Jorge Lendeborg Jr., John Cena, Jason Drucker"
The Dark Knight Rises,"Action, Drama, Thriller",2012,164 min,"Christopher Nolan, Christian Bale, Tom Hardy, Anne Hathaway, Gary Oldman"
Aquaman,"Action, Adventure, Fantasy",2018,143 min,"James Wan, Jason Momoa, Amber Heard, Willem Dafoe, Patrick Wilson"
Les Gardiens de la Galaxie Vol. 2,"Action, Adventure, Comedy",2017,136 min,"James Gunn, Chris Pratt, Zoe Saldana, Dave Bautista, Vin Diesel"
Batman : Le Défi,"Action, Crime, Fantasy",1992,126 min,"Tim Burton, Michael Keaton, Danny DeVito, Michelle Pfeiffer, Christopher Walken"
Peter Pan & Wendy,"Action, Adventure, Comedy",2023,106 min,"David Lowery, Alexander Molony, Ever Anderson, Jude Law, Alyssa Wapanatâhk"
Hot Fuzz,"Action, Comedy, Mystery",2007,121 min,"Edgar Wright, Simon Pegg, Nick Frost, Martin Freeman, Bill Nighy"
The Gray Man,"Action, Thriller",2022,122 min,"Anthony Russo, Joe Russo, Ryan Gosling, Chris Evans, Ana de Armas, Billy Bob Thornton"
Time Out,"Action, Sci-Fi, Thriller",2011,109 min,"Andrew Niccol, Justin Timberlake, Amanda Seyfried, Cillian Murphy, Olivia Wilde"
Underwater,"Action, Horror, Sci-Fi",2020,95 min,"William Eubank, Kristen Stewart, Vincent Cassel, Mamoudou Athie, T.J. Miller"
Mourir peut attendre,"Action, Adventure, Thriller",2021,163 min,"Cary Joji Fukunaga, Daniel Craig, Ana de Armas, Rami Malek, Léa Seydoux"
Kingsman: Services secrets,"Action, Adventure, Comedy",2014,129 min,"Matthew Vaughn, Colin Firth, Taron Egerton, Samuel L. Jackson, Michael Caine"
Fast & Furious 4,"Action, Crime, Thriller",2009,107 min,"Justin Lin, Vin Diesel, Paul Walker, Michelle Rodriguez, Jordana Brewster"
Conan le barbare,"Action, Adventure, Fantasy",1982,129 min,"John Milius, Arnold Schwarzenegger, James Earl Jones, Max von Sydow, Sandahl Bergman"
Mortal Kombat 2,"Action, Adventure, Fantasy",,,"Simon McQuoid, Martyn Ford, Karl Urban, Hiroyuki Sanada, Jessica McNamee"
Blade Runner,"Action, Drama, Sci-Fi",1982,117 min,"Ridley Scott, Harrison Ford, Rutger Hauer, Sean Young, Edward James Olmos"
Dune,"Action, Adventure, Sci-Fi",1984,137 min,"David Lynch, Kyle MacLachlan, Virginia Madsen, Francesca Annis, Leonardo Cimino"
Captain America: First Avenger,"Action, Adventure, Sci-Fi",2011,124 min,"Joe Johnston, Chris Evans, Hugo Weaving, Samuel L. Jackson, Hayley Atwell"
Batman Forever,"Action, Adventure",1995,121 min,"Joel Schumacher, Val Kilmer, Tommy Lee Jones, Jim Carrey, Nicole Kidman"
Polite Society,"Action, Comedy",2023,104 min,"Nida Manzoor, Priya Kansara, Ritu Arya, Renu Brindle, Rekha John-Cheriyan"
L'incroyable Hulk,"Action, Adventure, Sci-Fi",2008,112 min,"Louis Leterrier, Edward Norton, Liv Tyler, Tim Roth, William Hurt"
Iron Man,"Action, Adventure, Sci-Fi",2008,126 min,"Jon Favreau, Robert Downey Jr., Gwyneth Paltrow, Terrence Howard, Jeff Bridges"
Batman Begins,"Action, Crime, Drama",2005,140 min,"Christopher Nolan, Christian Bale, Michael Caine, Ken Watanabe, Liam Neeson"
Un flic à la maternelle,"Action, Comedy, Crime",1990,111 min,"Ivan Reitman, Arnold Schwarzenegger, Penelope Ann Miller, Pamela Reed, Linda Hunt"
"A l'Ouest, rien de nouveau","Action, Drama, War",2022,148 min,"Edward Berger, Felix Kammerer, Albrecht Schuch, Aaron Hilmer, Moritz Klaus"
Nobody,"Action, Crime, Drama",I) (2021,92 min,"Ilya Naishuller, Bob Odenkirk, Aleksey Serebryakov, Connie Nielsen, Christopher Lloyd"
The Northman,"Action, Adventure, Drama",2022,137 min,"Robert Eggers, Alexander Skarsgård, Nicole Kidman, Claes Bang, Ethan Hawke"
Avengers: Infinity War,"Action, Adventure, Sci-Fi",2018,149 min,"Anthony Russo, Joe Russo, Robert Downey Jr., Chris Hemsworth, Mark Ruffalo, Chris Evans"
Transformers 3 : La Face cachée de la Lune,"Action, Adventure, Sci-Fi",2011,154 min,"Michael Bay, Shia LaBeouf, Rosie Huntington-Whiteley, Tyrese Gibson, Josh Duhamel"
Shazam!,"Action, Adventure, Comedy",2019,132 min,"David F. Sandberg, Zachary Levi, Mark Strong, Asher Angel, Jack Dylan Grazer"
Suicide Squad,"Action, Adventure, Fantasy",2016,123 min,"David Ayer, Will Smith, Jared Leto, Margot Robbie, Viola Davis"
The Marvels,"Action, Adventure, Fantasy",2023,,"Nia DaCosta, Samuel L. Jackson, Brie Larson, Teyonah Parris, Iman Vellani"
Batman v Superman : L'Aube de la justice,"Action, Adventure, Sci-Fi",2016,151 min,"Zack Snyder, Ben Affleck, Henry Cavill, Amy Adams, Jesse Eisenberg"
Dunkerque,"Action, Drama, History",2017,106 min,"Christopher Nolan, Fionn Whitehead, Barry Keoghan, Mark Rylance, Tom Hardy"
Le cinquième élément,"Action, Adventure, Sci-Fi",1997,126 min,"Luc Besson, Bruce Willis, Milla Jovovich, Gary Oldman, Ian Holm"
Kick-Ass,"Action, Comedy, Crime",2010,117 min,"Matthew Vaughn, Aaron Taylor-Johnson, Nicolas Cage, Chloë Grace Moretz, Garrett M. Brown"
Commando,"Action, Adventure, Thriller",1985,90 min,"Mark L. Lester, Arnold Schwarzenegger, Rae Dawn Chong, Dan Hedaya, Vernon Wells"
Red Sparrow,"Action, Drama, Thriller",2018,140 min,"Francis Lawrence, Jennifer Lawrence, Joel Edgerton, Matthias Schoenaerts, Charlotte Rampling"
Les Indestructibles,"Animation, Action, Adventure",2004,115 min,"Brad Bird, Craig T. Nelson, Samuel L. Jackson, Holly Hunter, Jason Lee"
Star Wars: Épisode IV - Un nouvel espoir,"Action, Adventure, Fantasy",1977,121 min,"George Lucas, Mark Hamill, Harrison Ford, Carrie Fisher, Alec Guinness"
Avengers,"Action, Sci-Fi",2012,143 min,"Joss Whedon, Robert Downey Jr., Chris Evans, Scarlett Johansson, Jeremy Renner"
RRR,"Action, Drama",2022,187 min,"S.S. Rajamouli, N.T. Rama Rao Jr., Ram Charan, Ajay Devgn, Alia Bhatt"
Le Seigneur des anneaux : Le Retour du roi,"Action, Adventure, Drama",2003,201 min,"Peter Jackson, Elijah Wood, Viggo Mortensen, Ian McKellen, Orlando Bloom"
Madame Web,"Action, Adventure, Sci-Fi",2024,,"S.J. Clarkson, Sydney Sweeney, Isabela Merced, Emma Roberts, Dakota Johnson"
The King's Man: Première mission,"Action, Adventure, Thriller",2021,131 min,"Matthew Vaughn, Ralph Fiennes, Gemma Arterton, Rhys Ifans, Harris Dickinson"
Les Éternels,"Action, Adventure, Fantasy",2021,156 min,"Chloé Zhao, Gemma Chan, Richard Madden, Angelina Jolie, Salma Hayek"
Terminator: Dark Fate,"Action, Adventure, Sci-Fi",2019,128 min,"Tim Miller, Linda Hamilton, Arnold Schwarzenegger, Mackenzie Davis, Natalia Reyes"
Doctor Strange in the Multiverse of Madness,"Action, Adventure, Fantasy",2022,126 min,"Sam Raimi, Benedict Cumberbatch, Elizabeth Olsen, Chiwetel Ejiofor, Benedict Wong"
Night and Day,"Action, Adventure, Comedy",2010,109 min,"James Mangold, Tom Cruise, Cameron Diaz, Peter Sarsgaard, Jordi Mollà"
Deadpool,"Action, Comedy",2016,108 min,"Tim Miller, Ryan Reynolds, Morena Baccarin, T.J. Miller, Ed Skrein"
S.O.S fantômes,"Action, Comedy, Fantasy",1984,105 min,"Ivan Reitman, Bill Murray, Dan Aykroyd, Sigourney Weaver, Harold Ramis"
Gladiator 2,"Action, Adventure, Drama",2024,,"Ridley Scott, Pedro Pascal, Denzel Washington, Connie Nielsen, Paul Mescal"
The Woman King,"Action, Drama, History",2022,135 min,"Gina Prince-Bythewood, Viola Davis, Thuso Mbedu, Lashana Lynch, Sheila Atim"
Edge of Tomorrow,"Action, Adventure, Sci-Fi",2014,113 min,"Doug Liman, Tom Cruise, Emily Blunt, Bill Paxton, Brendan Gleeson"
Mortal Kombat,"Action, Adventure, Fantasy",2021,110 min,"Simon McQuoid, Lewis Tan, Jessica McNamee, Josh Lawson, Joe Taslim"
Mission: Impossible - Rogue Nation,"Action, Adventure, Thriller",2015,131 min,"Christopher McQuarrie, Tom Cruise, Rebecca Ferguson, Jeremy Renner, Simon Pegg"
Spider-Man 3,"Action, Adventure, Sci-Fi",2007,139 min,"Sam Raimi, Tobey Maguire, Kirsten Dunst, Topher Grace, Thomas Haden Church"
Prey,"Action, Adventure, Drama",I) (2022,100 min,"Dan Trachtenberg, Amber Midthunder, Dakota Beavers, Dane DiLiegro, Stormee Kipp"
Thor,"Action, Fantasy",2011,115 min,"Kenneth Branagh, Chris Hemsworth, Anthony Hopkins, Natalie Portman, Tom Hiddleston"
Uncharted,"Action, Adventure",2022,116 min,"Ruben Fleischer, Tom Holland, Mark Wahlberg, Antonio Banderas, Sophia Ali"
Wonder Woman,"Action, Adventure, Fantasy",2017,141 min,"Patty Jenkins, Gal Gadot, Chris Pine, Robin Wright, Lucy Davis"
1917,"Action, Drama, War",2019,119 min,"Sam Mendes, Dean-Charles Chapman, George MacKay, Daniel Mays, Colin Firth"
Superman,"Action, Adventure, Sci-Fi",1978,143 min,"Richard Donner, Christopher Reeve, Margot Kidder, Gene Hackman, Marlon Brando"
Creed: L'héritage de Rocky Balboa,"Action, Drama, Sport",II) (2015,133 min,"Ryan Coogler, Michael B. Jordan, Sylvester Stallone, Tessa Thompson, Phylicia Rashad"
Les 7 mercenaires,"Action, Adventure, Drama",1960,128 min,"John Sturges, Yul Brynner, Steve McQueen, Charles Bronson, Eli Wallach"
Le Mans '66,"Action, Biography, Drama",2019,152 min,"James Mangold, Matt Damon, Christian Bale, Jon Bernthal, Caitríona Balfe"
Pirates des Caraïbes - La vengeance de Salazar,"Action, Adventure, Fantasy",2017,129 min,"Joachim Rønning, Espen Sandberg, Johnny Depp, Geoffrey Rush, Javier Bardem, Orlando Bloom"
Deadpool 2,"Action, Adventure, Comedy",2018,119 min,"David Leitch, Ryan Reynolds, Josh Brolin, Morena Baccarin, Julian Dennison"
Vivre et laisser mourir,"Action, Adventure, Thriller",1973,121 min,"Guy Hamilton, Roger Moore, Yaphet Kotto, Jane Seymour, Clifton James"
Un homme en colère,"Action, Crime, Thriller",2021,119 min,"Guy Ritchie, Jason Statham, Holt McCallany, Josh Hartnett, Rocci Boy Williams"
Violent Night,"Action, Comedy, Crime",2022,112 min,"Tommy Wirkola, David Harbour, John Leguizamo, Beverly D'Angelo, Alex Hassell"
Hulk,"Action, Sci-Fi",2003,138 min,"Ang Lee, Eric Bana, Jennifer Connelly, Sam Elliott, Josh Lucas"
Mission: Impossible - Protocole fantôme,"Action, Adventure, Thriller",2011,132 min,"Brad Bird, Tom Cruise, Jeremy Renner, Simon Pegg, Paula Patton"
Gumraah,"Action, Crime, Drama",2023,130 min,"Vardhan Ketkar, Aditya Roy Kapoor, Mrunal Thakur, Ronit Roy, Vedika Pinto"
Baby Driver,"Action, Crime, Drama",2017,113 min,"Edgar Wright, Ansel Elgort, Jon Bernthal, Jon Hamm, Eiza González"
Free Guy,"Action, Adventure, Comedy",2021,115 min,"Shawn Levy, Ryan Reynolds, Jodie Comer, Taika Waititi, Lil Rel Howery"
Fast & Furious 7,"Action, Crime, Thriller",2015,137 min,"James Wan, Vin Diesel, Paul Walker, Dwayne Johnson, Jason Statham"
Sicario,"Action, Crime, Drama",2015,121 min,"Denis Villeneuve, Emily Blunt, Josh Brolin, Benicio Del Toro, Jon Bernthal"
300,"Action, Drama",2006,117 min,"Zack Snyder, Gerard Butler, Lena Headey, David Wenham, Dominic West"
La chute du faucon noir,"Action, Drama, History",2001,144 min,"Ridley Scott, Josh Hartnett, Ewan McGregor, Tom Sizemore, Eric Bana"
La fin des temps,"Action, Fantasy, Horror",1999,122 min,"Peter Hyams, Arnold Schwarzenegger, Gabriel Byrne, Robin Tunney, Kevin Pollak"
Starship Troopers,"Action, Adventure, Sci-Fi",1997,129 min,"Paul Verhoeven, Casper Van Dien, Denise Richards, Dina Meyer, Jake Busey"
Scott Pilgrim,"Action, Comedy, Fantasy",2010,112 min,"Edgar Wright, Michael Cera, Mary Elizabeth Winstead, Kieran Culkin, Anna Kendrick"
Au coeur de l'océan,"Action, Adventure, Biography",2015,122 min,"Ron Howard, Chris Hemsworth, Cillian Murphy, Brendan Gleeson, Ben Whishaw"
Jurassic World,"Action, Adventure, Sci-Fi",2015,124 min,"Colin Trevorrow, Chris Pratt, Bryce Dallas Howard, Ty Simpkins, Judy Greer"
Deadpool 3,"Action, Comedy, Sci-Fi",2024,,"Shawn Levy, Ryan Reynolds, Matthew Macfadyen, Morena Baccarin, Rob Delaney"
Transformers 2: La Revanche,"Action, Adventure, Sci-Fi",2009,149 min,"Michael Bay, Shia LaBeouf, Megan Fox, Josh Duhamel, Tyrese Gibson"
The Nice Guys,"Action, Comedy, Crime",2016,116 min,"Shane Black, Russell Crowe, Ryan Gosling, Angourie Rice, Matt Bomer"
Une nuit en enfer,"Action, Crime, Horror",1996,108 min,"Robert Rodriguez, Harvey Keitel, George Clooney, Juliette Lewis, Quentin Tarantino"
Predator,"Action, Adventure, Horror",1987,107 min,"John McTiernan, Arnold Schwarzenegger, Carl Weathers, Kevin Peter Hall, Elpidia Carrillo"
Fast & Furious 5,"Action, Crime, Thriller",2011,130 min,"Justin Lin, Vin Diesel, Paul Walker, Dwayne Johnson, Jordana Brewster"
Last Action Hero,"Action, Adventure, Comedy",1993,130 min,"John McTiernan, Arnold Schwarzenegger, F. Murray Abraham, Art Carney, Charles Dance"
Black Panther,"Action, Adventure, Sci-Fi",2018,134 min,"Ryan Coogler, Chadwick Boseman, Michael B. Jordan, Lupita Nyong'o, Danai Gurira"
Venom,"Action, Adventure, Sci-Fi",2018,112 min,"Ruben Fleischer, Tom Hardy, Michelle Williams, Riz Ahmed, Scott Haze"
Avatar 3,"Action, Adventure, Fantasy",2025,,"James Cameron, Zoe Saldana, Jack Champion, Bailey Bass, Sam Worthington"
Jack Reacher,"Action, Mystery, Thriller",2012,130 min,"Christopher McQuarrie, Tom Cruise, Rosamund Pike, Richard Jenkins, Werner Herzog"
Thunderbolts,"Action, Adventure, Crime",2024,,"Jake Schreier, Olga Kurylenko, Harrison Ford, Ayo Edebiri, Florence Pugh"
Tonnerre sous les tropiques,"Action, Comedy, War",2008,107 min,"Ben Stiller, Ben Stiller, Jack Black, Robert Downey Jr., Jeff Kahn"
Wedding Nightmare,"Action, Comedy, Horror",I) (2019,95 min,"Matt Bettinelli-Olpin, Tyler Gillett, Samara Weaving, Adam Brody, Mark O'Brien, Henry Czerny"
La vie aquatique,"Action, Adventure, Comedy",2004,119 min,"Wes Anderson, Bill Murray, Owen Wilson, Anjelica Huston, Cate Blanchett"
Le Monde perdu : Jurassic Park,"Action, Adventure, Sci-Fi",1997,129 min,"Steven Spielberg, Jeff Goldblum, Julianne Moore, Pete Postlethwaite, Vince Vaughn"
Watchmen : Les Gardiens,"Action, Drama, Mystery",2009,162 min,"Zack Snyder, Jackie Earle Haley, Patrick Wilson, Carla Gugino, Malin Akerman"
Independence Day : Le Jour de la riposte,"Action, Adventure, Sci-Fi",1996,145 min,"Roland Emmerich, Will Smith, Bill Pullman, Jeff Goldblum, Mary McDonnell"
The Amazing Spider-Man,"Action, Adventure, Sci-Fi",2012,136 min,"Marc Webb, Andrew Garfield, Emma Stone, Rhys Ifans, Irrfan Khan"
Demon Slayer : Kimetsu no Yaiba - En route pour le village des forgerons,"Animation, Action, Adventure",2023,110 min,"Haruo Sotozaki, Zach Aguilar, Laila Berzins, Kira Buckland, Reba Buhr"
RoboCop,"Action, Crime, Sci-Fi",1987,102 min,"Paul Verhoeven, Peter Weller, Nancy Allen, Dan O'Herlihy, Ronny Cox"
Chevalier,"Action, Adventure, Romance",2001,132 min,"Brian Helgeland, Heath Ledger, Mark Addy, Rufus Sewell, Shannyn Sossamon"
Supergirl,"Action, Adventure, Fantasy",1984,124 min,"Jeannot Szwarc, Helen Slater, Faye Dunaway, Peter O'Toole, Mia Farrow"
"Shooter, tireur d'élite","Action, Drama, Thriller",I) (2007,124 min,"Antoine Fuqua, Mark Wahlberg, Michael Peña, Rhona Mitra, Danny Glover"
X-Men: Days of Future Past,"Action, Adventure, Sci-Fi",2014,132 min,"Bryan Singer, Patrick Stewart, Ian McKellen, Hugh Jackman, James McAvoy"
Triple frontière,"Action, Thriller",2019,125 min,"J.C. Chandor, Ben Affleck, Oscar Isaac, Charlie Hunnam, Garrett Hedlund"
Murder Mystery 2,"Action, Comedy, Crime",2023,90 min,"Jeremy Garelick, Adam Sandler, Jennifer Aniston, Mark Strong, Mélanie Laurent"
Fast & Furious 8,"Action, Crime, Thriller",2017,136 min,"F. Gary Gray, Vin Diesel, Jason Statham, Dwayne Johnson, Michelle Rodriguez"
Creed II,"Action, Drama, Sport",2018,130 min,"Steven Caple Jr., Michael B. Jordan, Sylvester Stallone, Tessa Thompson, Phylicia Rashad"
Fast & Furious: Tokyo Drift,"Action, Crime, Thriller",2006,104 min,"Justin Lin, Lucas Black, Zachery Ty Bryan, Shad Moss, Damien Marzette"
X-Men,"Action, Adventure, Sci-Fi",2000,104 min,"Bryan Singer, Patrick Stewart, Hugh Jackman, Ian McKellen, Famke Janssen"
Star Trek,"Action, Adventure, Sci-Fi",2009,127 min,"J.J. Abrams, Chris Pine, Zachary Quinto, Simon Pegg, Leonard Nimoy"
Red Notice,"Action, Comedy, Thriller",2021,118 min,"Rawson Marshall Thurber, Dwayne Johnson, Ryan Reynolds, Gal Gadot, Ritu Arya"
Black Widow,"Action, Adventure, Sci-Fi",2021,134 min,"Cate Shortland, Scarlett Johansson, Florence Pugh, David Harbour, Rachel Weisz"
2018,"Action, Drama, Thriller",2023,150 min,"Jude Anthany Joseph, Tovino Thomas, Kunchacko Boban, Asif Ali, Vineeth Sreenivasan"
Spider-Man: Far from Home,"Action, Adventure, Comedy",2019,129 min,"Jon Watts, Tom Holland, Samuel L. Jackson, Jake Gyllenhaal, Marisa Tomei"
Star Wars: Épisode I - La menace fantôme,"Action, Adventure, Fantasy",1999,136 min,"George Lucas, Ewan McGregor, Liam Neeson, Natalie Portman, Jake Lloyd"
Moonfall,"Action, Adventure, Sci-Fi",2022,130 min,"Roland Emmerich, Halle Berry, Patrick Wilson, John Bradley, Charlie Plummer"
The Hunt,"Action, Horror, Thriller",II) (2020,90 min,"Craig Zobel, Betty Gilpin, Hilary Swank, Ike Barinholtz, Wayne Duvall"
Rogue One: A Star Wars story,"Action, Adventure, Sci-Fi",2016,133 min,"Gareth Edwards, Felicity Jones, Diego Luna, Alan Tudyk, Donnie Yen"
Mission: Impossible III,"Action, Adventure, Thriller",2006,126 min,"J.J. Abrams, Tom Cruise, Michelle Monaghan, Ving Rhames, Philip Seymour Hoffman"
Le jour d'après,"Action, Adventure, Sci-Fi",2004,124 min,"Roland Emmerich, Dennis Quaid, Jake Gyllenhaal, Emmy Rossum, Dash Mihok"
Avengers : L'Ère d'Ultron,"Action, Adventure, Sci-Fi",2015,141 min,"Joss Whedon, Robert Downey Jr., Chris Evans, Mark Ruffalo, Chris Hemsworth"
Morbius,"Action, Adventure, Horror",2022,104 min,"Daniel Espinosa, Jared Leto, Matt Smith, Adria Arjona, Jared Harris"
Spider-Man 2,"Action, Adventure, Sci-Fi",2004,127 min,"Sam Raimi, Tobey Maguire, Kirsten Dunst, Alfred Molina, James Franco"
Casino Royale,"Action, Adventure, Thriller",2006,144 min,"Martin Campbell, Daniel Craig, Eva Green, Judi Dench, Jeffrey Wright"
Kill Bill: Volume I,"Action, Crime, Thriller",2003,111 min,"Quentin Tarantino, Uma Thurman, David Carradine, Daryl Hannah, Michael Madsen"
Gods of Egypt,"Action, Adventure, Drama",2016,127 min,"Alex Proyas, Brenton Thwaites, Nikolaj Coster-Waldau, Gerard Butler, Chadwick Boseman"
Anna,"Action, Thriller",II) (2019,118 min,"Luc Besson, Sasha Luss, Helen Mirren, Luke Evans, Cillian Murphy"
Napoleon,"Action, Biography, Drama",2023,,"Ridley Scott, Vanessa Kirby, Joaquin Phoenix, Ludivine Sagnier, Ben Miles"
Indiana Jones et le Cadran de la destinée,"Action, Adventure",2023,154 min,"James Mangold, Harrison Ford, Phoebe Waller-Bridge, Antonio Banderas, Karen Allen"
Sound of Freedom,"Action, Biography, Drama",2023,131 min,"Alejandro Monteverde, Jim Caviezel, Mira Sorvino, Bill Camp, Cristal Aparicio"
Barbie,"Adventure, Comedy, Fantasy",I) (2023,114 min,"Greta Gerwig, Margot Robbie, Kingsley Ben-Adir, Ryan Gosling, Hari Nef"
Le challenge,"Comedy, Romance",2023,103 min,"Gene Stupnitsky, Jennifer Lawrence, Andrew Barth Feldman, Laura Benanti, Matthew Broderick"
Oppenheimer,"Biography, Drama, History",2023,180 min,"Christopher Nolan, Cillian Murphy, Emily Blunt, Matt Damon, Robert Downey Jr."
Asteroid City,"Comedy, Drama, Romance",2023,105 min,"Wes Anderson, Jason Schwartzman, Scarlett Johansson, Tom Hanks, Jeffrey Wright"
Spider-Man: Across the Spider-Verse,"Animation, Action, Adventure",2023,140 min,"Joaquim Dos Santos, Kemp Powers, Justin K. Thompson, Shameik Moore, Hailee Steinfeld, Brian Tyree Henry, Luna Lauren Velez"
Mission: Impossible: Dead Reckoning Partie 1,"Action, Adventure, Thriller",2023,163 min,"Christopher McQuarrie, Tom Cruise, Hayley Atwell, Ving Rhames, Simon Pegg"
The Flash,"Action, Adventure, Fantasy",2023,144 min,"Andy Muschietti, Ezra Miller, Michael Keaton, Sasha Calle, Michael Shannon"
Nimona,"Animation, Action, Adventure",2023,101 min,"Nick Bruno, Troy Quane, Chloë Grace Moretz, Riz Ahmed, Eugene Lee Yang, Frances Conroy"
Killers of the Flower Moon,"Crime, Drama, History",2023,206 min,"Martin Scorsese, Leonardo DiCaprio, Robert De Niro, Lily Gladstone, Jesse Plemons"
Insidious: The Red Door,"Horror, Mystery, Thriller",2023,107 min,"Patrick Wilson, Ty Simpkins, Patrick Wilson, Rose Byrne, Sinclair Daniel"
Tyler Rake 2,"Action, Thriller",2023,122 min,"Sam Hargrave, Chris Hemsworth, Golshifteh Farahani, Adam Bessa, Tornike Gogrichiani"
Run Rabbit Run,"Horror, Thriller",2023,100 min,"Daina Reid, Sarah Snook, Lily LaTorre, Neil Melville, Katherine Slattery"
Les Gardiens de la Galaxie 3,"Action, Adventure, Comedy",2023,150 min,"James Gunn, Chris Pratt, Chukwudi Iwuji, Bradley Cooper, Pom Klementieff"
Les Aventuriers de l'arche perdue,"Action, Adventure",1981,115 min,"Steven Spielberg, Harrison Ford, Karen Allen, Paul Freeman, John Rhys-Davies"
Histoires sensuelles 2,"Drama, Romance",2023,132 min,"R. Balki, Sujoy Ghosh, Amit Ravindernath Sharma, Konkona Sen Sharma, Tamannaah Bhatia, Vijay Varma, Neena Gupta, Mrunal Thakur"
Élémentaire,"Animation, Adventure, Comedy",2023,101 min,"Peter Sohn, Leah Lewis, Mamoudou Athie, Ronnie Del Carmen, Shila Ommi"
Gangsters par alliance,"Action, Comedy, Crime",2023,95 min,"Tyler Spindel, Adam Devine, Pierce Brosnan, Ellen Barkin, Nina Dobrev"
Dune: Deuxième partie,"Action, Adventure, Drama",2023,,"Denis Villeneuve, Timothée Chalamet, Zendaya, Rebecca Ferguson, Josh Brolin"
Titanic,"Drama, Romance",1997,194 min,"James Cameron, Leonardo DiCaprio, Kate Winslet, Billy Zane, Kathy Bates"
À contre-sens,"Drama, Romance",2023,117 min,"Domingo González, Nicole Wallace, Gabriel Guevara, Marta Hazas, Iván Sánchez"
Five Nights at Freddy's,Horror,2023,,"Emma Tammi, Josh Hutcherson, Matthew Lillard, Elizabeth Lail, Mary Stuart Masterson"
Avatar: la voie de l'eau,"Action, Adventure, Fantasy",2022,192 min,"James Cameron, Sam Worthington, Zoe Saldana, Sigourney Weaver, Stephen Lang"
Evil Dead Rise,Horror,2023,96 min,"Lee Cronin, Mirabai Pease, Richard Crouchley, Anna-Maree Thomas, Lily Sullivan"
John Wick: Chapitre 4,"Action, Crime, Thriller",2023,169 min,"Chad Stahelski, Keanu Reeves, Laurence Fishburne, George Georgiou, Lance Reddick"
Indiana Jones et le royaume du crâne de cristal,"Action, Adventure",2008,122 min,"Steven Spielberg, Harrison Ford, Cate Blanchett, Shia LaBeouf, Karen Allen"
Donjons & Dragons : L'Honneur des voleurs,"Action, Adventure, Comedy",2023,134 min,"John Francis Daley, Jonathan Goldstein, Chris Pine, Michelle Rodriguez, Regé-Jean Page, Justice Smith"
The Covenant,"Action, Thriller, War",2023,123 min,"Guy Ritchie, Jake Gyllenhaal, Dar Salim, Sean Sagar, Jason Wong"
Bone Tomahawk,"Drama, Horror, Western",2015,132 min,"S. Craig Zahler, Kurt Russell, Patrick Wilson, Matthew Fox, Richard Jenkins"
Transformers: Rise of the Beasts,"Action, Adventure, Sci-Fi",2023,127 min,"Steven Caple Jr., Anthony Ramos, Dominique Fishback, Luna Lauren Velez, Dean Scott Vazquez"
Independence Day : Le Jour de la riposte,"Action, Adventure, Sci-Fi",1996,145 min,"Roland Emmerich, Will Smith, Bill Pullman, Jeff Goldblum, Mary McDonnell"
La Petite Sirène,"Adventure, Family, Fantasy",I) (2023,135 min,"Rob Marshall, Halle Bailey, Jonah Hauer-King, Melissa McCarthy, Javier Bardem"
Joy Ride,Comedy,2023,95 min,"Adele Lim, Debbie Fan, Kenneth Liu, Annie Mumolo, David Denman"
Indiana Jones et la dernière croisade,"Action, Adventure",1989,127 min,"Steven Spielberg, Harrison Ford, Sean Connery, Alison Doody, Denholm Elliott"
Indiana Jones et le Temple maudit,"Action, Adventure",1984,118 min,"Steven Spielberg, Harrison Ford, Kate Capshaw, Ke Huy Quan, Amrish Puri"
Super Mario Bros. le film,"Animation, Adventure, Comedy",2023,92 min,"Aaron Horvath, Michael Jelenic, Pierre Leduc, Fabien Polack, Chris Pratt, Anya Taylor-Joy, Charlie Day, Jack Black"
Tyler Rake,"Action, Thriller",2020,116 min,"Sam Hargrave, Chris Hemsworth, Bryon Lerum, Ryder Lerum, Rudhraksh Jaiswal"
Fast & Furious X,"Action, Adventure, Crime",2023,141 min,"Louis Leterrier, Vin Diesel, Michelle Rodriguez, Jason Statham, Jordana Brewster"
Ruby l'ado Kraken,"Animation, Action, Adventure",2023,91 min,"Kirk DeMicco, Faryn Pearl, Jane Fonda, Lana Condor, Toni Collette, Colman Domingo"
"Red, White & Royal Blue","Comedy, Romance",2023,112 min,"Matthew López, Sarah Shahi, Nicholas Galitzine, Taylor Zakhar Perez, Uma Thurman"
Dune,"Action, Adventure, Drama",2021,155 min,"Denis Villeneuve, Timothée Chalamet, Rebecca Ferguson, Zendaya, Oscar Isaac"
Past Lives,"Drama, Romance",2023,105 min,"Celine Song, Greta Lee, Teo Yoo, John Magaro, Moon Seung-ah"
X,"Horror, Mystery, Thriller",II) (2022,105 min,"Ti West, Mia Goth, Jenna Ortega, Brittany Snow, Kid Cudi"
Les Chevaliers du Zodiaque,"Action, Adventure, Drama",2023,112 min,"Tomasz Baginski, Mackenyu, Famke Janssen, Madison Iseman, Diego Tinoco"
Rebel Moon,"Action, Adventure, Drama",2023,,"Zack Snyder, Sofia Boutella, Charlie Hunnam, Ed Skrein, Jena Malone"
Spider-Man: New Generation,"Animation, Action, Adventure",2018,117 min,"Bob Persichetti, Peter Ramsey, Rodney Rothman, Shameik Moore, Jake Johnson, Hailee Steinfeld, Mahershala Ali"
Les Dents de la mer,"Adventure, Mystery, Thriller",1975,124 min,"Steven Spielberg, Roy Scheider, Robert Shaw, Richard Dreyfuss, Lorraine Gary"
Top Gun: Maverick,"Action, Drama",2022,130 min,"Joseph Kosinski, Tom Cruise, Jennifer Connelly, Miles Teller, Val Kilmer"
Interstellar,"Adventure, Drama, Sci-Fi",2014,169 min,"Christopher Nolan, Matthew McConaughey, Anne Hathaway, Jessica Chastain, Mackenzie Foy"
Interstellar,"Adventure, Drama, Sci-Fi",2014,169 min,"Christopher Nolan, Matthew McConaughey, Anne Hathaway, Jessica Chastain, Mackenzie Foy"
Beau Is Afraid,"Comedy, Drama, Horror",2023,179 min,"Ari Aster, Joaquin Phoenix, Patti LuPone, Amy Ryan, Nathan Lane"
Le manoir hanté,"Comedy, Drama, Family",2023,122 min,"Justin Simien, Jamie Lee Curtis, Winona Ryder, Rosario Dawson, Jared Leto"
Le Pire voisin au monde,"Comedy, Drama",2022,126 min,"Marc Forster, Tom Hanks, Mariana Treviño, Rachel Keller, John Higgins"
Insidious,"Horror, Mystery, Thriller",I) (2010,103 min,"James Wan, Patrick Wilson, Rose Byrne, Ty Simpkins, Lin Shaye"
Mission: Impossible,"Action, Adventure, Thriller",1996,110 min,"Brian De Palma, Tom Cruise, Jon Voight, Emmanuelle Béart, Henry Czerny"
Don't Worry Darling,"Drama, Thriller",I) (2022,123 min,"Olivia Wilde, Florence Pugh, Harry Styles, Chris Pine, Olivia Wilde"
Infinity Pool,"Crime, Horror, Mystery",2023,117 min,"Brandon Cronenberg, Alexander Skarsgård, Mia Goth, Cleopatra Coleman, Dunja Sepcic"
Kandahar,"Action, Thriller",2023,119 min,"Ric Roman Waugh, Tom Rhys Harries, Farhad Bagheri, Gerard Butler, Mitchell LaFortune"
Annihilation,"Adventure, Drama, Horror",I) (2018,115 min,"Alex Garland, Natalie Portman, Jennifer Jason Leigh, Tessa Thompson, Benedict Wong"
Babylon,"Comedy, Drama, History",I) (2022,189 min,"Damien Chazelle, Brad Pitt, Margot Robbie, Jean Smart, Olivia Wilde"
Air,"Drama, Sport",I) (2023,111 min,"Ben Affleck, Matt Damon, Jason Bateman, Ben Affleck, Chris Messina"
Mission: Impossible - Fallout,"Action, Adventure, Thriller",2018,147 min,"Christopher McQuarrie, Tom Cruise, Henry Cavill, Ving Rhames, Simon Pegg"
Les Évadés,Drama,1994,142 min,"Frank Darabont, Tim Robbins, Morgan Freeman, Bob Gunton, William Sadler"
Enfer mécanique,"Action, Horror, Mystery",1977,96 min,"Elliot Silverstein, James Brolin, Kathleen Lloyd, John Marley, R.G. Armstrong"
Le Parrain,"Crime, Drama",1972,175 min,"Francis Ford Coppola, Marlon Brando, Al Pacino, James Caan, Diane Keaton"
The Blackening,"Comedy, Horror, Thriller",2022,97 min,"Tim Story, Grace Byers, Jermaine Fowler, Melvin Gregg, X Mayo"
Nobody,"Action, Crime, Drama",I) (2021,92 min,"Ilya Naishuller, Bob Odenkirk, Aleksey Serebryakov, Connie Nielsen, Christopher Lloyd"
Everything Everywhere All at Once,"Action, Adventure, Comedy",2022,139 min,"Daniel Kwan, Daniel Scheinert, Michelle Yeoh, Stephanie Hsu, Jamie Lee Curtis, Ke Huy Quan"
M3gan,"Horror, Sci-Fi, Thriller",2022,102 min,"Gerard Johnstone, Allison Williams, Violet McGraw, Ronny Chieng, Amie Donald"
Bob Marley: One Love,"Biography, Drama, Music",2024,,"Reinaldo Marcus Green, Kingsley Ben-Adir, James Norton, Lashana Lynch, Michael Gandolfini"
The Iron Claw,"Biography, Drama, Sport",,,"Sean Durkin, Jeremy Allen White, Zac Efron, Lily James, Maura Tierney"
Crazy Bear,"Comedy, Thriller",2023,95 min,"Elizabeth Banks, Keri Russell, Alden Ehrenreich, O'Shea Jackson Jr., Ray Liotta"
Renfield,"Comedy, Fantasy, Horror",2023,93 min,"Chris McKay, Nicholas Hoult, Nicolas Cage, Awkwafina, Ben Schwartz"
Sisu: De l'or et du sang,"Action, War",2022,91 min,"Jalmari Helander, Jorma Tommila, Aksel Hennie, Jack Doolan, Mimosa Willamo"
Nefarious,"Horror, Thriller",II) (2023,97 min,"Chuck Konzelman, Cary Solomon, Sean Patrick Flanery, Jordan Belfi, Cameron Arnett, Tom Ohmer"
The Batman,"Action, Crime, Drama",2022,176 min,"Matt Reeves, Robert Pattinson, Zoë Kravitz, Jeffrey Wright, Colin Farrell"
Le menu,"Comedy, Horror, Thriller",2022,107 min,"Mark Mylod, Ralph Fiennes, Anya Taylor-Joy, Nicholas Hoult, Hong Chau"
The Dark Knight : Le Chevalier noir,"Action, Crime, Drama",2008,152 min,"Christopher Nolan, Christian Bale, Heath Ledger, Aaron Eckhart, Michael Caine"
Le loup de Wall Street,"Biography, Comedy, Crime",2013,180 min,"Martin Scorsese, Leonardo DiCaprio, Jonah Hill, Margot Robbie, Matthew McConaughey"
The Machine,"Action, Comedy",I) (2023,112 min,"Peter Atencio, Bert Kreischer, Mark Hamill, Jimmy Tatro, Iva Babic"
Ant-Man et la Guêpe: Quantumania,"Action, Adventure, Comedy",2023,124 min,"Peyton Reed, Paul Rudd, Evangeline Lilly, Michael Douglas, Michelle Pfeiffer"
The Whale,Drama,2022,117 min,"Darren Aronofsky, Brendan Fraser, Sadie Sink, Ty Simpkins, Hong Chau"
Ninja Turtles: Teenage Years,"Animation, Action, Adventure",2023,,"Jeff Rowe, Kyler Spears, Ayo Edebiri, Rose Byrne, Jackie Chan, Seth Rogen"
Midsommar,"Drama, Horror, Mystery",2019,148 min,"Ari Aster, Florence Pugh, Jack Reynor, Vilhelm Blomgren, William Jackson Harper"
Mission: Impossible - Rogue Nation,"Action, Adventure, Thriller",2015,131 min,"Christopher McQuarrie, Tom Cruise, Rebecca Ferguson, Jeremy Renner, Simon Pegg"
Love,"Drama, Romance",II) (2015,135 min,"Gaspar Noé, Aomi Muyock, Karl Glusman, Klara Kristin, Juan Saavedra"
Inception,"Action, Adventure, Sci-Fi",2010,148 min,"Christopher Nolan, Leonardo DiCaprio, Joseph Gordon-Levitt, Elliot Page, Ken Watanabe"
Bullet Train,"Action, Comedy, Thriller",2022,127 min,"David Leitch, Brad Pitt, Joey King, Aaron Taylor-Johnson, Brian Tyree Henry"
Priyotoma,"Action, Drama, Romance",2023,155 min,"Himel Ashraf, Shakib Khan, Idhika Paul, Shahiduzzaman Selim, Lutfur Rahman George"
The Patriot : Le Chemin de la liberté,"Action, Drama, History",2000,165 min,"Roland Emmerich, Mel Gibson, Heath Ledger, Joely Richardson, Jason Isaacs"
A Star is Born,"Drama, Music, Romance",2018,136 min,"Bradley Cooper, Lady Gaga, Bradley Cooper, Sam Elliott, Greg Grunberg"
Mission: Impossible III,"Action, Adventure, Thriller",2006,126 min,"J.J. Abrams, Tom Cruise, Michelle Monaghan, Ving Rhames, Philip Seymour Hoffman"
BlackBerry,"Biography, Comedy, Drama",2023,120 min,"Matt Johnson, Jay Baruchel, Glenn Howerton, Matt Johnson, Kelly Van der Burg"
Mission: Impossible 2,"Action, Adventure, Thriller",2000,123 min,"John Woo, Tom Cruise, Dougray Scott, Thandiwe Newton, Ving Rhames"
"Are You There God? It's Me, Margaret.","Comedy, Drama, Family",2023,106 min,"Kelly Fremon Craig, Abby Ryder Fortson, Rachel McAdams, Kathy Bates, Benny Safdie"
La Nonne II,"Horror, Mystery, Thriller",2023,,"Michael Chaves, Taissa Farmiga, Bonnie Aarons, Storm Reid, Anna Popplewell"
Pulp Fiction,"Crime, Drama",1994,154 min,"Quentin Tarantino, John Travolta, Uma Thurman, Samuel L. Jackson, Bruce Willis"
Scream VI,"Horror, Mystery, Thriller",2023,122 min,"Matt Bettinelli-Olpin, Tyler Gillett, Courteney Cox, Melissa Barrera, Jenna Ortega, Jasmin Savoy Brown"
Le Croque-mitaine,"Horror, Mystery, Thriller",I) (2023,98 min,"Rob Savage, Sophie Thatcher, Chris Messina, Vivien Lyra Blair, David Dastmalchian"
Confidential Informant,Thriller,2023,88 min,"Michael Oblowitz, Andrea Abreu, Kate Bosworth, Dianna Camacho, John Cassini"
Once Upon a Time... in Hollywood,"Comedy, Drama",2019,161 min,"Quentin Tarantino, Leonardo DiCaprio, Brad Pitt, Margot Robbie, Emile Hirsch"
Mission: Impossible - Protocole fantôme,"Action, Adventure, Thriller",2011,132 min,"Brad Bird, Tom Cruise, Jeremy Renner, Simon Pegg, Paula Patton"
Top Gun,"Action, Drama",1986,109 min,"Tony Scott, Tom Cruise, Tim Robbins, Kelly McGillis, Val Kilmer"
Shazam! La Rage des dieux,"Action, Adventure, Comedy",2023,130 min,"David F. Sandberg, Zachary Levi, Asher Angel, Jack Dylan Grazer, Rachel Zegler"
Harry Potter à l'école des sorciers,"Adventure, Family, Fantasy",2001,152 min,"Chris Columbus, Daniel Radcliffe, Rupert Grint, Richard Harris, Maggie Smith"
Little Bone Lodge,"Crime, Horror, Thriller",2023,93 min,"Matthias Hoene, Joely Richardson, Neil Linpow, Sadie Soverall, Harry Cadby"
Blade Runner 2049,"Action, Drama, Mystery",2017,164 min,"Denis Villeneuve, Harrison Ford, Ryan Gosling, Ana de Armas, Dave Bautista"
Ghosted,"Action, Adventure, Comedy",I) (2023,116 min,"Dexter Fletcher, Chris Evans, Ana de Armas, Adrien Brody, Mike Moh"
L'exorciste du Vatican,"Horror, Thriller",2023,103 min,"Julius Avery, Russell Crowe, Daniel Zovatto, Alex Essoe, Franco Nero"
Spider-Man: No Way Home,"Action, Adventure, Fantasy",2021,148 min,"Jon Watts, Tom Holland, Zendaya, Benedict Cumberbatch, Jacob Batalon"
Outfall,"Drama, Thriller",2018,88 min,"Suzi Ewing, Kelly Reilly, Luke Evans, Jill Winternitz, Noel Clarke"
Pearl,"Drama, Horror, Thriller",2022,103 min,"Ti West, Mia Goth, David Corenswet, Tandi Wright, Matthew Sunderland"
Sans filtre,"Comedy, Drama",2022,147 min,"Ruben Östlund, Thobias Thorwid, Harris Dickinson, Charlbi Dean, Jiannis Moustos"
Hunger Games,"Action, Adventure, Sci-Fi",2012,142 min,"Gary Ross, Jennifer Lawrence, Josh Hutcherson, Liam Hemsworth, Stanley Tucci"
American Pie,Comedy,1999,95 min,"Paul Weitz, Chris Weitz, Jason Biggs, Chris Klein, Thomas Ian Nicholas, Jennifer Coolidge"
Alien - Le 8ème passager,"Horror, Sci-Fi",1979,117 min,"Ridley Scott, Sigourney Weaver, Tom Skerritt, John Hurt, Veronica Cartwright"
Satyaprem Ki Katha,"Comedy, Drama, Musical",2023,146 min,"Sameer Vidwans, Kiara Advani, Kartik Aaryan, Shikha Talsania, Naveen Singh"
Mes meilleures amies,"Comedy, Romance",I) (2011,125 min,"Paul Feig, Kristen Wiig, Maya Rudolph, Rose Byrne, Terry Crews"
1776,"Drama, Family, History",1972,141 min,"Peter H. Hunt, William Daniels, Howard Da Silva, Ken Howard, Donald Madden"
Orgueil et préjugés,"Drama, Romance",2005,129 min,"Joe Wright, Keira Knightley, Matthew Macfadyen, Brenda Blethyn, Donald Sutherland"
Hypnotic,"Action, Mystery, Thriller",2023,93 min,"Robert Rodriguez, Ben Affleck, Alice Braga, JD Pardo, Dayo Okeniyi"
En eaux troubles,"Action, Horror, Sci-Fi",2018,113 min,"Jon Turteltaub, Jason Statham, Bingbing Li, Rainn Wilson, Cliff Curtis"
Tetris,"Biography, Drama, History",2023,118 min,"Jon S. Baird, Taron Egerton, Mara Huf, Miles Barrow, Rick Yune"
Jurassic Park,"Action, Adventure, Sci-Fi",1993,127 min,"Steven Spielberg, Sam Neill, Laura Dern, Jeff Goldblum, Richard Attenborough"
Beetlejuice 2,"Comedy, Fantasy, Horror",2024,,"Tim Burton, Jenna Ortega, Monica Bellucci, Michael Keaton, Winona Ryder"
Superman: Legacy,"Action, Adventure, Fantasy",2025,,"James Gunn, David Corenswet, Rachel Brosnahan, Isabela Merced, Nathan Fillion"
The Fabelmans,Drama,2022,151 min,"Steven Spielberg, Michelle Williams, Gabriel LaBelle, Paul Dano, Judd Hirsch"
Retour vers le futur,"Adventure, Comedy, Sci-Fi",1985,116 min,"Robert Zemeckis, Michael J. Fox, Christopher Lloyd, Lea Thompson, Crispin Glover"
Vol au-dessus d'un nid de coucou,Drama,1975,133 min,"Milos Forman, Jack Nicholson, Louise Fletcher, Michael Berryman, Peter Brocco"
Independence Day: Resurgence,"Action, Adventure, Sci-Fi",2016,120 min,"Roland Emmerich, Liam Hemsworth, Jeff Goldblum, Bill Pullman, Maika Monroe"
Creed III,"Drama, Sport",2023,116 min,"Michael B. Jordan, Michael B. Jordan, Tessa Thompson, Jonathan Majors, Wood Harris"
Old,"Drama, Horror, Mystery",2021,108 min,"M. Night Shyamalan, Gael García Bernal, Vicky Krieps, Rufus Sewell, Alex Wolff"
Little Miss Sunshine,"Comedy, Drama",2006,101 min,"Jonathan Dayton, Valerie Faris, Steve Carell, Toni Collette, Greg Kinnear, Abigail Breslin"
The Wrath of Becky,"Action, Horror, Thriller",2023,84 min,"Matt Angel, Suzanne Coote, Lulu Wilson, Seann William Scott, Denise Burse, Jill Larson"
"Matilda, la comédie musicale","Comedy, Drama, Family",2022,117 min,"Matthew Warchus, Alisha Weir, Emma Thompson, Lashana Lynch, Stephen Graham"
Aliens : Le Retour,"Action, Adventure, Sci-Fi",1986,137 min,"James Cameron, Sigourney Weaver, Michael Biehn, Carrie Henn, Paul Reiser"
Inglourious Basterds,"Adventure, Drama, War",2009,153 min,"Quentin Tarantino, Brad Pitt, Diane Kruger, Eli Roth, Mélanie Laurent"
Avatar,"Action, Adventure, Fantasy",2009,162 min,"James Cameron, Sam Worthington, Zoe Saldana, Sigourney Weaver, Michelle Rodriguez"
65 : La Terre d'avant,"Action, Adventure, Drama",2023,93 min,"Scott Beck, Bryan Woods, Adam Driver, Ariana Greenblatt, Chloe Coleman, Nika King"
Opération Fortune: Ruse de Guerre,"Action, Comedy, Thriller",2023,114 min,"Guy Ritchie, Jason Statham, Aubrey Plaza, Cary Elwes, Hugh Grant"
John Wick,"Action, Crime, Thriller",2014,101 min,"Chad Stahelski, David Leitch, Keanu Reeves, Michael Nyqvist, Alfie Allen, Willem Dafoe"
Sanctuary,"Drama, Thriller",I) (2022,96 min,"Zachary Wigon, Christopher Abbott, Danita Battle, Rene Calvo, Christian Casatelli"
Il faut sauver le soldat Ryan,"Drama, War",1998,169 min,"Steven Spielberg, Tom Hanks, Matt Damon, Tom Sizemore, Edward Burns"
Fall,Thriller,I) (2022,107 min,"Scott Mann, Grace Caroline Currey, Virginia Gardner, Mason Gooding, Jeffrey Dean Morgan"
Forrest Gump,"Drama, Romance",1994,142 min,"Robert Zemeckis, Tom Hanks, Robin Wright, Gary Sinise, Sally Field"
Deadpool 3,"Action, Comedy, Sci-Fi",2024,,"Shawn Levy, Ryan Reynolds, Morena Baccarin, Matthew Macfadyen, Jennifer Garner"
Afwaah,"Drama, Thriller",2023,126 min,"Sudhir Mishra, Bhumi Pednekar, Nawazuddin Siddiqui, Sumeet Vyas, Sharib Hashmi"
Missing: Disparition inquiétante,"Drama, Mystery, Thriller",2023,111 min,"Nicholas D. Johnson, Will Merrick, Tim Griffin, Ava Zaria Lee, Nia Long, Kimberly Cheng"
Heat,"Action, Crime, Drama",1995,170 min,"Michael Mann, Al Pacino, Robert De Niro, Val Kilmer, Jon Voight"
Surongo,"Crime, Mystery, Romance",2023,150 min,"Raihan Rafi, Nusraat Faria Mazhar, Toma Mirza, Mostafa Monwar, Afran Nisho"
White House Down,"Action, Drama, Thriller",2013,131 min,"Roland Emmerich, Channing Tatum, Jamie Foxx, Maggie Gyllenhaal, Jason Clarke"
Le Seigneur des anneaux : La Communauté de l'anneau,"Action, Adventure, Drama",2001,178 min,"Peter Jackson, Elijah Wood, Ian McKellen, Orlando Bloom, Sean Bean"
Prisoners,"Crime, Drama, Mystery",2013,153 min,"Denis Villeneuve, Hugh Jackman, Jake Gyllenhaal, Viola Davis, Melissa Leo"
Pirates des Caraïbes : La malédiction du Black Pearl,"Action, Adventure, Fantasy",2003,143 min,"Gore Verbinski, Johnny Depp, Geoffrey Rush, Orlando Bloom, Keira Knightley"
The Grand Budapest hotel,"Adventure, Comedy, Crime",2014,99 min,"Wes Anderson, Ralph Fiennes, F. Murray Abraham, Mathieu Amalric, Adrien Brody"
Barbare,"Horror, Mystery, Thriller",2022,102 min,"Zach Cregger, Georgina Campbell, Bill Skarsgård, Justin Long, Matthew Patrick Davis"
La main,"Horror, Thriller",I) (2022,94 min,"Danny Philippou, Michael Philippou, Sophie Wilde, Joe Bird, Alexandra Jensen, Otis Dhanji"
Lust Stories,"Drama, Romance",2018,120 min,"Zoya Akhtar, Dibakar Banerjee, Karan Johar, Anurag Kashyap, Kiara Advani, Vicky Kaushal, Bhumi Pednekar, Neil Bhoopalam"
Flamin' Hot,"Biography, Drama, History",2023,99 min,"Eva Longoria, Jesse Garcia, Annie Gonzalez, Emilio Rivera, Vanessa Martinez"
Aftersun,Drama,II) (2022,102 min,"Charlotte Wells, Paul Mescal, Frankie Corio, Celia Rowlson-Hall, Sally Messham"
Insidious: la dernière clé,"Horror, Mystery, Thriller",2018,103 min,"Adam Robitel, Lin Shaye, Leigh Whannell, Angus Sampson, Kirk Acevedo"
Transformers,"Action, Adventure, Sci-Fi",2007,144 min,"Michael Bay, Shia LaBeouf, Megan Fox, Josh Duhamel, Tyrese Gibson"
Le Chat potté 2 : La Dernière Quête,"Animation, Adventure, Comedy",2022,102 min,"Joel Crawford, Januel Mercado, Antonio Banderas, Salma Hayek, Harvey Guillén, Florence Pugh"
"Les Miller, une famille en herbe","Comedy, Crime",2013,110 min,"Rawson Marshall Thurber, Jason Sudeikis, Jennifer Aniston, Emma Roberts, Ed Helms"
No Country for Old Men,"Crime, Drama, Thriller",2007,122 min,"Ethan Coen, Joel Coen, Tommy Lee Jones, Javier Bardem, Josh Brolin, Woody Harrelson"
Le gang des champions,"Comedy, Drama, Family",1993,101 min,"David Mickey Evans, Tom Guiry, Mike Vitar, Art LaFleur, Patrick Renna"
Tout à fait son style,"Comedy, Drama, Romance",2023,99 min,"Numa Perrier, Gabrielle Union, Keith Powers, Gina Torres, La La Anthony"
Les Immortels,"Action, Drama, Fantasy",2011,110 min,"Tarsem Singh, Henry Cavill, Mickey Rourke, John Hurt, Stephen Dorff"
Avengers: Endgame,"Action, Adventure, Drama",2019,181 min,"Anthony Russo, Joe Russo, Robert Downey Jr., Chris Evans, Mark Ruffalo, Chris Hemsworth"
Les infiltrés,"Crime, Drama, Thriller",2006,151 min,"Martin Scorsese, Leonardo DiCaprio, Matt Damon, Jack Nicholson, Mark Wahlberg"
Misanthrope,"Action, Crime, Drama",2023,119 min,"Damián Szifron, Shailene Woodley, Ben Mendelsohn, Jovan Adepo, Ralph Ineson"
Prisoner's Daughter,Drama,2022,100 min,"Catherine Hardwicke, Sarah Anderson, Maynard Bagang, Kate Beckinsale, Christopher Convery"
Les Gardiens de la Galaxie,"Action, Adventure, Comedy",2014,121 min,"James Gunn, Chris Pratt, Vin Diesel, Bradley Cooper, Zoe Saldana"
Nope,"Horror, Mystery, Sci-Fi",2022,130 min,"Jordan Peele, Daniel Kaluuya, Keke Palmer, Brandon Perea, Michael Wincott"
Gladiator,"Action, Adventure, Drama",2000,155 min,"Ridley Scott, Russell Crowe, Joaquin Phoenix, Connie Nielsen, Oliver Reed"
Les Goonies,"Adventure, Comedy, Family",1985,114 min,"Richard Donner, Sean Astin, Josh Brolin, Jeff Cohen, Corey Feldman"
Django Unchained,"Drama, Western",2012,165 min,"Quentin Tarantino, Jamie Foxx, Christoph Waltz, Leonardo DiCaprio, Kerry Washington"
Glass Onion: une histoire à couteaux tirés,"Comedy, Crime, Drama",2022,139 min,"Rian Johnson, Daniel Craig, Edward Norton, Kate Hudson, Dave Bautista"
Terminator 2 : Le jugement dernier,"Action, Sci-Fi",1991,137 min,"James Cameron, Arnold Schwarzenegger, Linda Hamilton, Edward Furlong, Robert Patrick"
Génération rebelle,Comedy,1993,103 min,"Richard Linklater, Jason London, Wiley Wiggins, Matthew McConaughey, Rory Cochrane"
The Woman King,"Action, Drama, History",2022,135 min,"Gina Prince-Bythewood, Viola Davis, Thuso Mbedu, Lashana Lynch, Sheila Atim"
Shining,"Drama, Horror",1980,146 min,"Stanley Kubrick, Jack Nicholson, Shelley Duvall, Danny Lloyd, Scatman Crothers"
Le Prestige,"Drama, Mystery, Sci-Fi",2006,130 min,"Christopher Nolan, Christian Bale, Hugh Jackman, Scarlett Johansson, Michael Caine"
A Serbian Film,"Horror, Mystery, Thriller",2010,104 min,"Srdjan Spasojevic, Srdjan 'Zika' Todorovic, Sergej Trifunovic, Jelena Gavrilovic, Slobodan Bestic"
Book Club: The Next Chapter,Comedy,2023,107 min,"Bill Holderman, Diane Keaton, Jane Fonda, Candice Bergen, Mary Steenburgen"
Seven,"Crime, Drama, Mystery",1995,127 min,"David Fincher, Morgan Freeman, Brad Pitt, Kevin Spacey, Andrew Kevin Walker"
En eaux (très) troubles,"Action, Adventure, Horror",2023,116 min,"Ben Wheatley, Jason Statham, Jing Wu, Sienna Guillory, Cliff Curtis"
Gone Girl,"Drama, Mystery, Thriller",2014,149 min,"David Fincher, Ben Affleck, Rosamund Pike, Neil Patrick Harris, Tyler Perry"
Knock at the Cabin,"Horror, Mystery, Thriller",2023,100 min,"M. Night Shyamalan, Dave Bautista, Jonathan Groff, Ben Aldridge, Nikki Amuka-Bird"
There Will Be Blood,Drama,2007,158 min,"Paul Thomas Anderson, Daniel Day-Lewis, Paul Dano, Ciarán Hinds, Martin Stringer"
Insidious: Chapitre 2,"Horror, Mystery, Thriller",2013,106 min,"James Wan, Patrick Wilson, Rose Byrne, Barbara Hershey, Lin Shaye"
Les affranchis,"Biography, Crime, Drama",1990,145 min,"Martin Scorsese, Robert De Niro, Ray Liotta, Joe Pesci, Lorraine Bracco"
Là où chantent les écrevisses,"Drama, Mystery, Romance",2022,125 min,"Olivia Newman, Daisy Edgar-Jones, Taylor John Smith, Harris Dickinson, David Strathairn"
Tenet,"Action, Sci-Fi, Thriller",2020,150 min,"Christopher Nolan, John David Washington, Robert Pattinson, Elizabeth Debicki, Juhan Ulfsak"
Tombstone,"Biography, Drama, History",1993,130 min,"George P. Cosmatos, Kevin Jarre, Kurt Russell, Val Kilmer, Sam Elliott, Bill Paxton"
American Psycho,"Crime, Drama, Horror",2000,102 min,"Mary Harron, Christian Bale, Justin Theroux, Josh Lucas, Bill Sage"
Dune,"Action, Adventure, Sci-Fi",1984,137 min,"David Lynch, Kyle MacLachlan, Virginia Madsen, Francesca Annis, Leonardo Cimino"
Fight Club,Drama,1999,139 min,"David Fincher, Brad Pitt, Edward Norton, Meat Loaf, Zach Grenier"
Cinquante nuances de Grey,"Drama, Romance, Thriller",2015,125 min,"Sam Taylor-Johnson, Dakota Johnson, Jamie Dornan, Jennifer Ehle, Eloise Mumford"
Insidious: Chapitre 3,"Horror, Mystery, Thriller",2015,97 min,"Leigh Whannell, Dermot Mulroney, Stefanie Scott, Angus Sampson, Leigh Whannell"
Les Banshees d'Inisherin,"Comedy, Drama",2022,114 min,"Martin McDonagh, Colin Farrell, Brendan Gleeson, Kerry Condon, Pat Shortt"
Kraven le Chasseur,"Action, Adventure, Sci-Fi",2023,,"J.C. Chandor, Aaron Taylor-Johnson, Russell Crowe, Christopher Abbott, Ariana DeBose"
Hérédité,"Drama, Horror, Mystery",2018,127 min,"Ari Aster, Toni Collette, Milly Shapiro, Gabriel Byrne, Alex Wolff"
Black Adam,"Action, Adventure, Fantasy",2022,125 min,"Jaume Collet-Serra, Dwayne Johnson, Aldis Hodge, Pierce Brosnan, Noah Centineo"
La liste de Schindler,"Biography, Drama, History",1993,195 min,"Steven Spielberg, Liam Neeson, Ralph Fiennes, Ben Kingsley, Caroline Goodall"
Retribution,"Action, Crime, Drama",I) (2023,,"Nimród Antal, Liam Neeson, Jack Champion, Embeth Davidtz, Matthew Modine"
The Gentlemen,"Action, Comedy, Crime",2019,113 min,"Guy Ritchie, Matthew McConaughey, Charlie Hunnam, Michelle Dockery, Jeremy Strong"
You Hurt My Feelings,"Comedy, Drama",2023,93 min,"Nicole Holofcener, Julia Louis-Dreyfus, Tobias Menzies, Michaela Watkins, Arian Moayed"
La passion du Christ,Drama,2004,127 min,"Mel Gibson, Jim Caviezel, Monica Bellucci, Maia Morgenstern, Christo Jivkov"
Parasite,"Drama, Thriller",2019,132 min,"Bong Joon Ho, Song Kang-ho, Lee Sun-kyun, Cho Yeo-jeong, Choi Woo-sik"
Un talent en or massif,"Action, Comedy, Crime",2022,107 min,"Tom Gormican, Nicolas Cage, Pedro Pascal, Tiffany Haddish, Sharon Horgan"
Le Chasseur et la Reine des glaces,"Action, Adventure, Drama",2016,114 min,"Cedric Nicolas-Troyan, Chris Hemsworth, Jessica Chastain, Charlize Theron, Emily Blunt"
Wonka,"Adventure, Comedy, Family",2023,,"Paul King, Timothée Chalamet, Olivia Colman, Hugh Grant, Keegan-Michael Key"
Terminator,"Action, Sci-Fi",1984,107 min,"James Cameron, Arnold Schwarzenegger, Linda Hamilton, Michael Biehn, Paul Winfield"
Mourir peut attendre,"Action, Adventure, Thriller",2021,163 min,"Cary Joji Fukunaga, Daniel Craig, Ana de Armas, Rami Malek, Léa Seydoux"
The French Dispatch,"Comedy, Drama, Romance",2021,107 min,"Wes Anderson, Benicio Del Toro, Adrien Brody, Tilda Swinton, Léa Seydoux"
Dunkerque,"Action, Drama, History",2017,106 min,"Christopher Nolan, Fionn Whitehead, Barry Keoghan, Mark Rylance, Tom Hardy"
Longma jingshen,"Action, Comedy, Drama",2023,126 min,"Larry Yang, Jackie Chan, Haocun Liu, Kevin Guo, Yueting Lang"
Bloodline,"Drama, Mystery, Thriller",I) (2020,111 min,"Vaughn Stein, Lily Collins, Simon Pegg, Connie Nielsen, Chace Crawford"
The Suicide Squad,"Action, Adventure, Comedy",2021,132 min,"James Gunn, Margot Robbie, Idris Elba, John Cena, Joel Kinnaman"
Old Boy,"Action, Drama, Mystery",2003,120 min,"Park Chan-wook, Choi Min-sik, Yoo Ji-tae, Kang Hye-jeong, Kim Byeong-Ok"
Le Silence des agneaux,"Crime, Drama, Thriller",1991,118 min,"Jonathan Demme, Jodie Foster, Anthony Hopkins, Lawrence A. Bonney, Kasi Lemmons"
Smile,"Horror, Mystery, Thriller",V) (2022,115 min,"Parker Finn, Sosie Bacon, Jessie T. Usher, Kyle Gallner, Robin Weigert"
Conjuring: Les dossiers Warren,"Horror, Mystery, Thriller",2013,112 min,"James Wan, Patrick Wilson, Vera Farmiga, Ron Livingston, Lili Taylor"
American Graffiti,"Comedy, Drama",1973,110 min,"George Lucas, Richard Dreyfuss, Ron Howard, Paul Le Mat, Charles Martin Smith"
American Beauty,Drama,1999,122 min,"Sam Mendes, Kevin Spacey, Annette Bening, Thora Birch, Wes Bentley"
Twilight: Chapitre 1 - Fascination,"Drama, Fantasy, Romance",I) (2008,122 min,"Catherine Hardwicke, Kristen Stewart, Robert Pattinson, Billy Burke, Sarah Clarke"
La ligne verte,"Crime, Drama, Fantasy",1999,189 min,"Frank Darabont, Tom Hanks, Michael Clarke Duncan, David Morse, Bonnie Hunt"
Matrix,"Action, Sci-Fi",1999,136 min,"Lana Wachowski, Lilly Wachowski, Keanu Reeves, Laurence Fishburne, Carrie-Anne Moss, Hugo Weaving"
Reality,Drama,2023,83 min,"Tina Satter, Sydney Sweeney, Josh Hamilton, Marchánt Davis, Benny Elledge"
The Nice Guys,"Action, Comedy, Crime",2016,116 min,"Shane Black, Russell Crowe, Ryan Gosling, Angourie Rice, Matt Bomer"
Deadpool 2,"Action, Adventure, Comedy",2018,119 min,"David Leitch, Ryan Reynolds, Josh Brolin, Morena Baccarin, Julian Dennison"
Mulan,"Action, Adventure, Drama",2020,115 min,"Niki Caro, Liu Yifei, Donnie Yen, Gong Li, Jet Li"
American Sniper,"Action, Biography, Drama",2014,133 min,"Clint Eastwood, Bradley Cooper, Sienna Miller, Kyle Gallner, Cole Konis"
Challengers,"Drama, Romance, Sport",2023,,"Luca Guadagnino, Zendaya, Josh O'Connor, Mike Faist, Heidi Garza"
Zack Snyder's Justice League,"Action, Adventure, Fantasy",2021,242 min,"Zack Snyder, Henry Cavill, Ben Affleck, Gal Gadot, Amy Adams"
Theater Camp,Comedy,2023,94 min,"Molly Gordon, Nick Lieberman, Ben Platt, Molly Gordon, Noah Galvin, Jimmy Tatro"
Joker,"Crime, Drama, Thriller",I) (2019,122 min,"Todd Phillips, Joaquin Phoenix, Robert De Niro, Zazie Beetz, Frances Conroy"
Blade Runner,"Action, Drama, Sci-Fi",1982,117 min,"Ridley Scott, Harrison Ford, Rutger Hauer, Sean Young, Edward James Olmos"
Star Wars: Épisode IV - Un nouvel espoir,"Action, Adventure, Fantasy",1977,121 min,"George Lucas, Mark Hamill, Harrison Ford, Carrie Fisher, Alec Guinness"
Thor: Love and Thunder,"Action, Adventure, Comedy",2022,118 min,"Taika Waititi, Chris Hemsworth, Natalie Portman, Christian Bale, Tessa Thompson"
Captain America: New World Order,"Action, Adventure, Sci-Fi",2024,,"Julius Onah, Harrison Ford, Liv Tyler, Rosa Salazar, Sebastian Stan"
Lolita malgré moi,Comedy,2004,97 min,"Mark Waters, Lindsay Lohan, Jonathan Bennett, Rachel McAdams, Tina Fey"
Spider-Man,"Action, Adventure, Sci-Fi",2002,121 min,"Sam Raimi, Tobey Maguire, Kirsten Dunst, Willem Dafoe, James Franco"
Requiem for a Dream,Drama,2000,102 min,"Darren Aronofsky, Ellen Burstyn, Jared Leto, Jennifer Connelly, Marlon Wayans"
Breakfast Club,"Comedy, Drama",1985,97 min,"John Hughes, Emilio Estevez, Judd Nelson, Molly Ringwald, Ally Sheedy"
Whiplash,"Drama, Music",2014,106 min,"Damien Chazelle, Miles Teller, J.K. Simmons, Melissa Benoist, Paul Reiser"
Shutter Island,"Mystery, Thriller",2010,138 min,"Martin Scorsese, Leonardo DiCaprio, Emily Mortimer, Mark Ruffalo, Ben Kingsley"
Deadpool,"Action, Comedy",2016,108 min,"Tim Miller, Ryan Reynolds, Morena Baccarin, T.J. Miller, Ed Skrein"
